,names,Lat,Long,uni
0,Евразийский национальный университет им.Л.Н.Гумилева,51.15995604435302,71.46716618554095,True
1,Казахский национальный университет искусств,51.122809718886,71.472879811876,True
2,Казахская национальная академия хореографии,51.098216586326,71.419256167216,True
3,Казахский агротехнический университет им. С.Сейфуллина,51.18734046442033,71.40905963647391,True
4,Медицинский университет Астана,51.181491003922,71.41635753746,True
5,Университет КАЗГЮУ имени М.С.Нарикбаева,51.148670358216,71.386617065206,True
6,Esil University,51.159306018184,71.45789219569,True
7,"Университет ""Туран-Астана""",51.178693805583,71.417211143234,True
8,Евразийский гуманитарный институт имени А.К. Кусаинова,51.148926530761,71.574616623309,True
9,Astana IT University,51.123909215035,71.435875385737,True
10,Международный университет Астана,51.14484991821989,71.42261175432898,True
11,Казахский университет технологии и бизнеса,51.144760582198,71.368876486723,True
12,Академия физической культуры и массового спорта,51.186208003753,71.399903023336,True
13,Академия государственного управления при Президенте Республики Казахстан,51.169680504207,71.399684004206,True
14,Назарбаев Университет,51.145333820556,71.416366673734,True
15,Казахский национальный университет имени аль-Фараби,43.225119995524,76.920559982267,True
16,Казахский национальный педагогический университет имени Абая,43.256301010613,76.954513982383,True
17,Казахский национальный исследовательский технический университет имени К.И. Сатпаева ,43.237293997424,76.93446597873,True
18,Казахский национальный женский педагогический университет,43.258444011797,76.930460015745,True
19,Казахский национальный аграрный исследовательский университет,43.241940002535,76.951909976523,True
20,Казахский национальный медицинский университет им.С.Д.Асфендиярова,43.253753792147,76.93668559051,True
21,Казахская национальная консерватория имени Курмангазы,43.252339304077,76.942205660484,True
22,Казахская национальная академия искусств имени Т.К.Жургенова,43.251794983284,76.944454022192,True
23,Международный университет информационных технологий,43.232765590415,76.904498830859,True
24,Университет КИМЭП,43.242710006071,76.95612003885,True
25,"Академия ""Кайнар""",43.256489016701,76.910616027615,True
26,Казахстанско-Российский медицинский университет,43.26565399918,76.932535961705,True
27,"Университет ""Туран""",43.236600017751,76.939490007674,True
28,Международная образовательная корпорация,43.1555484,76.9235001,True
29,Академия логистики и транспорта,43.245401016085,76.928747006193,True
30,Университет Нархоз,43.214669019549,76.871358964998,True
31,Казахская академия спорта и туризма,43.2421654516,76.931683510213,True
32,Алматинский университет энергетики и связи им. Г.Даукеева,43.234648794511,76.931525439458,True
33,Алматинский технологический университет,43.253302174033,76.924853241236,True
34,"Казахстанский медицинский университет ""ВШОЗ""",43.219700005473,76.895600015715,True
35,Алматы Менеджмент Университет,43.206371689777,76.893265990956,True
36,Евразийский технологический университет,43.25371200836,76.923100034205,True
37,Академия гражданской авиации,43.355083206368,77.00536162453,True
38,Казахский университет международныйх отношений и мировых языков им.Абылай хана,43.243196785098,76.921082677749,True
39,Алматинский гуманитарно-экономический университет,43.213190996653,76.869655007901,True
40,Египетский университет исламской культуры Нур-Мубарак,43.212159980653,76.917669985871,True
41,Казахский автомобильно-дорожный институт имени Л.Б. Гончарова ,43.252305986012,76.855998959791,True
42,Каспийский общественный университет ,43.257044988338,76.931889968427,True
43,Казахстанско-Британский технический университет ,43.255578197192,76.943117611549,True
44,De Montfort University Kazakhstan,43.217152457984,76.935047537437,True
45,Международный инженерно-технологический университет,43.208141260893,76.913094567086,True
46,Евразийская юридическая академия имени Д. А. Кунаева,43.243640020137,76.927675966605,True
47,Казахский Университет Путей Сообщения,43.22117798646,76.839721974376,True
48,Университет международного бизнеса им. К.Сагадиева,43.242183203456,76.94955558374,True
49,Казахстанско-Немецкий университет ,43.249098986038,76.954126989913,True
50,Южно-Казахстанская медицинская академия,42.316435106246,69.589802701767,True
51,Южно-Казахстанский государственный педагогический университет,42.336867598843,69.60038921593,True
52,Южно-Казахстанский  университет им.М.Ауэзова,42.3333103,69.6218093,True
53,"Университет ""Мирас""",42.321987287251,69.593953263683,True
54,Шымкентский университет,42.3333103,69.6218093,True
55,Центрально-Азиатский инновационный университет,42.326849411394,69.623456294473,True
56,Университет дружбы народов имени академика А. Куатбекова,42.304424090453,69.614280625067,True
57,Университет им. Ж. Ташенева,42.310565582491,69.598464455445,True
58,Гуманитарно-техническая академия,53.2714043,69.3724802,True
59,Кокшетауский университет имени А. Мырзахметова ,53.28884240393,69.392438889198,True
60,Кокшетауский  университет им. Ш. Уалиханова,53.283276401126,69.370701932055,True
61,Актюбинский  региональный университет им.К.Жубанова,50.288980715111,57.153438933731,True
62,Западно-Казахстанский  медицинский университет им.М.Оспанова,50.298547106934,57.150212320103,True
63,Актюбинский университет им. С.Баишева,50.28195408186,57.161053222213,True
64,Казахско-Русский международный университет,50.28622281751,57.224701203976,True
65,Университет имени Сулеймана Демиреля,43.202758,76.6317126,True
66,Атырауский университет имени Х.Досмухамедова,47.098177172135394,51.91158816757311,True
67,Атырауский университет нефти и газа имени С.Утебаева,47.13167627199984,51.94092385007191,True
68,Атырауский инженерно-гуманитарный институт,47.11142561224475,51.89323752339581,True
69,Западно- Казахстанский аграрно-технический университет  им.Жангир хана,51.1992892,51.382269,True
70,Западно-Казахстанский  университет им.М.Утемисова,51.19332151543,51.375916791789,True
71,Западно-Казахстанский инновационно-технологический университет,51.21419999805,51.366650011096,True
72,Казахстанский университет инновационных и телекоммуникационных систем,51.223026686918,51.374954716943,True
73,Таразский региональный университет им.М.Х.Дулати,42.90229028226,71.374351629696,True
74,Международный Таразский инновационный университет,42.905305588108,71.371116885623,True
75,Карагандинский  технический университет им. А. Сагинова,49.820793745815,73.104258885298,True
76,Карагандинский индустриальный университет,50.064552701108,72.982225126113,True
77,Медицинский университет Караганды,49.812723700801,73.102416839964,True
78,Карагандинский  университет им.Е.А.Букетова,49.769944688198,73.125302788394,True
79,Карагандинский экономический университет Казпотребсоюза,49.779753987575,73.06254136053,True
80,"Академия ""Bolashaq""",49.816806483929,73.085858138784,True
81,Центрально-Казахстанская академия,49.797879404807,73.099701347555,True
82,Рудненский индустриальный институт,52.963799407223,63.091810635799,True
83,Костанайский инженерно-экономический университет им. М. Дулатова,53.202511902527,63.597729487157,True
84,Костанайский региональный университет имени А. Байтурсынова ,53.213819299458,63.628617806187,True
85,Аркалыкский  педагогический институт имени И.Алтынсарина,50.250321114552,66.914282863454,True
86,Костанайский социально-технический университет имени академика Зулхарнай Алдамжар,53.245002200475,63.678215287476,True
87,Кызылординский университет им.Коркыт Ата,44.843590103483,65.50457096915,True
88,"Кызылординский университет ""Болашак""",44.82979512641042,65.51269792696189,True
89,Кызылординский институт технологии и сервиса,44.835236204233,65.534151808294,True
90,Каспийский  университет технологии и инжиниринга им. Ш.Есенова,43.681274931513,51.16793596998,True
91,Торайгыров университет,52.265549992335,76.966909978989,True
92,Павлодарский  педагогический университет,51.3038549,72.7969445,True
93,Инновационный Евразийский университет,52.263230007264,76.959440026879,True
94,Екибастузский Инженерно-технический институт имени К.И. Сатпаева ,51.721110009458,75.296839994982,True
95,Северо-Казахстанский  университет им. М. Козыбаева,54.877290001548,69.132199990159,True
96,Восточно-Казахстанский технический университет им. Д. Серикбаева,49.956665998305,82.586829039541,True
97,Восточно-Казахстанский университет имени С.Аманжолова,49.99435656291,82.661620519561,True
98,Казахстанско-Американский свободный университет,49.950880691618,82.617936770352,True
99,Международный Казахско-Турецкий университет им.Х.А.Ясави,43.283229223254,68.315012343497,True
100,Международный университет туризма и гостеприимства,43.293655233635,68.275884283937,True
101,Alikhan Bokeikhan University ,50.406105285,80.24466215101,True
102,Медицинский университет Семей,50.406003635537,80.248286251471,True
103,Университет имени Шакарима города Семей,50.399047718569,80.212656892935,True
104,Жетысуский университет им.И.Жансугурова,45.008657814473,78.349891984067,True
105,Жезказганский университет им. О.А.Байконурова,47.803466593755,67.715301871167,True
106,ГККП «Строительно-технический колледж» акимата города Астана,51.158933835644,71.525587524066,False
107,ГККП «Колледж общественного питания и сервиса» акимата города Астана,51.1776,71.433,False
108,ГККП «Технологический колледж» акимата города Астана,51.169827152152,71.388127767313,False
109,ГККП «Технический колледж» акимата города Астана,51.174629132284,71.389438067762,False
110,КГУ «Профессионально-технический колледж» акимата города Астана,51.148670358216,71.386617065206,False
111,ГКП на ПХВ «Колледж сериса и туризма» акимата города Астана,51.197337997703,71.395148975493,False
112,ГКП на ПХВ «Высший колледж «ASTANA POLYTECHNIC» акимата города Астана,51.16960580494,71.420475000598,False
113,ГКП на ПХВ «Высший колледж транспорта и коммуникаций» акимата города Астана,51.194697180188,71.397447206987,False
114,ГКП на ПХВ «Высший медицинский колледж» акимата города Астана,51.153533237225,71.507193019346,False
115,Педагогический колледж ТОО «Междунородный университет «Астана»,51.1581969684,71.481998994418,False
116,Учреждение «Высший Торгово-экономический колледж Казпотребсоюза»,51.166718989223,71.449618773279,False
117,ТОО «Колледж Управления»,51.184520307549,71.433218741526,False
118,Колледж иностранных языков «Лингва»,51.154428017863,71.494737971339,False
119,ТОО «Медико-технический колледж»,51.190486536241,71.409313759299,False
120,Колледж «Даналық»,51.183563513301,71.343311179124,False
121,ТОО «Гуманитарно-юридический колледж КазГЮУ»,51.189117015082,71.417818081567,False
122,Колледж «Туран»,51.15785769209,71.436464872899,False
123,Учреждение «Колледж им.Д.А. Кунаева в г.Астане»,51.163804014755,71.491814028235,False
124,ТОО «Казахстанский Швейцарско-Американский колледж туризма и гостиничного дела»,51.1776,71.433,False
125,ТОО «Индустриальный инженерно-экономический колледж»,51.177413953351,71.368912054675,False
126,ТОО «Астанинский технико-экономический колледж»,51.178693805583,71.417211143234,False
127,Колледж АО «Казахский университет технологии и бизнеса»,51.187238894025,71.392855016232,False
128,ТОО «Акмолинский колледж АО «Казахская академиятранспорта и коммуникаций им.М.Тынышпаева»,51.193659012762,71.409928030991,False
129,Учреждение «Колледж Евразийского гуманитарного института»,51.1776,71.433,False
130,Многопрофильный колледж «Парасат»,51.1776,71.433,False
131,"ТОО «Колледж менеджмента, бизнеса и образования»",51.189407585743,71.408175794132,False
132,Колледж НАО ЕНУ им.Л.Н.Гумилева,51.189094559221,71.419128284458,False
133,Учреждение «Колледж городского хозяйства«Астана-Профи»,51.193371010569,71.402766030004,False
134,Учреждение медицинский колледж «Шипагер»,51.196497879548,71.460219030948,False
135,Экономико-юридический колледж,51.17681932579,71.455901623339,False
136,ТОО «Казахстанский международный лингвистический колледж»,51.164827891584,71.411293686487,False
137,ТОО «Медицинский колледж «Томирис»,51.135372235976,71.494602255961,False
138,Колледж ТОО «Республиканская медицинская академия»,51.193199769317,71.459622052494,False
139,Частное учреждение «Колледж медресе Астана»,51.154030665435,71.522025059399,False
140,Колледж информационных технологий при ТОО «Astana IT University»,51.093216081364,71.425580211167,False
141, ,43.211469982384,76.867430031704,False
142,г.Алматы Колледжи государственной формы собственности,43.246355002395,76.929241035566,False
143,ГККП «Алматинский государственный колледж энергетики и электронных технологий»,43.269169998015,76.934947016153,False
144,КГКП «Алматинский колледж транспорта и коммуникаций»,43.29969600928,76.965190012457,False
145,КГКП «Колледж индустрии туризма и гостеприимства»,43.213251506164,76.872329699588,False
146,ГККП «Алматинский казахский государственный гуманитарно-педагогический колледж №1»,43.227984233646,76.804970993159,False
147,ГККП «Алматинский государственный гуманитарно-педагогический колледж №2»,43.249169980757,76.862735998287,False
148,ГККП «Алматинский колледж автомобильной и модной индустрии»,43.233635003322,76.882947029957,False
149,ГККП «Алматинский государственный политехнический колледж»,43.395989995169,76.983789958518,False
150,ГККП «Алматинский государственный колледж сервиса и технологий»,43.173844298382,76.898181675379,False
151,КГКП «Алматинский колледж пассажирского транспорта и технологий»,43.21714997907,76.968549982164,False
152,ГККП «Алматинский государственный бизнес колледж»,43.236889989691,76.855139982353,False
153,КГП на ПХВ «Высший медицинский колледж» УОЗ г.Алматы,43.267961118029,76.919926058929,False
154,КГКП «Алматинский технологический колледж» Управления образования г.Алматы,43.212159980653,76.868099997224,False
155,КГКП «Алматинский колледж моды и дизайна»,43.242303986681,76.892248008816,False
156,КГКП «Алматинский многопрофильный колледж»,43.304539994944,76.91854002742,False
157,КГКП «Алматинский колледж полиграфии»,43.224959984992,76.900391027751,False
158,КГКП «Алматинский автомеханический колледж»,43.268733007493,76.929563990296,False
159,"КГКП «Колледж архитектуры, дизайна и инженерии»",43.334980007883,76.961499963403,False
160,КГКП «Алматинский колледж технологий и флористики»,43.233639990554,76.842980020141,False
161,КГКП «Алматинский колледж телекоммуникаций и машиностроения»,43.229959706417,76.881957881563,False
162,КГКП «Алматинский строительно-технический колледж»,43.252180006007,76.923444027511,False
163,КГКП «Алматинский электромеханический колледж»,43.257044988338,76.931889968427,False
164,ГККП «Специализированная школа-интернат-колледж для одаренных в спорте детей»,43.256489016701,76.910616027615,False
165,УО «Колледж Каспийского общественного университета»,43.353203100937,77.005498268611,False
166,Учреждение Колледж Академии «Кайнар»,43.234448623091,76.930387974706,False
167,АО «Академия гражданской авиации» Авиационный колледж,43.237843012082,76.941118024728,False
168,НАО «Алматинский университет энергетики и связи имени Гумарбека Даукеева» Колледж АУЭС,43.2590567854,76.933310511491,False
169,Учреждение «Университет «Туран» (колледж),43.252000381822,76.928921768874,False
170,Колледж профессионального образования в составе при НАО «Казахский Национальный Женский Педагогический Университет»,43.249318005168,76.9064430133,False
171,НАО «Колледж Казахского национального университета имени аль-Фараби»,43.242194016111,76.841688033585,False
172,НУО «Казахстанско-Российский высший медицинский колледж»,43.20532998685,76.871284030784,False
173,ТОО «Колледж им. Д.А. Кунаева»,43.208265401109,76.912828669783,False
174,"ТОО""Алматинский финансово-экономический колледж""",43.233511998893,76.894606005817,False
175,ТОО «Колледж международного инженерно-технологияеского университета»,43.228619901104,76.927073223948,False
176,ТОО «Колледж «Әділет»,43.26284400805,76.948769025946,False
177,ТОО Медицинский центр «Эмили»,43.44159,77.03874,False
178,УО «Колледж Академия дизайна и технологии «Сымбат»,43.270086014303,76.935177015576,False
179,ТОО «Алматинский технико-экономический колледж путей сообщения»,43.245401016085,76.928747006193,False
180,ТОО «Алматинский колледж академии логистики и транспорта»,43.25371200836,76.923100034205,False
181,ТОО «Педагогический колледж ALT»,43.228619901104,76.927073223948,False
182,Учреждение «Евразийский технико-экономический колледж»,43.243797395255,76.926869059754,False
183,ТОО «Алматинский колледж «Престиж»,43.243797395255,76.926869059754,False
184,Учреждение «Колледж международного сервиса и менеджмента»,43.259115988975,76.922617990953,False
185,УО «Педагогический колледж иностранных языков»,43.2421654516,76.931683510213,False
186,УО «Колледж Менеджмента Междуна-родного Туризма»,43.249976491622,76.899769364588,False
187,"НУО «Казахский колледж физической культуры, туризма и сервиса»",43.253510004493,76.908159459433,False
188,ТОО «Высший Медико-Стоматологический колледж профессора Рузуддинова»,43.259115988975,76.922617990953,False
189,ЧУ «Высший казахско-турецкий гуманитарно-технологический колледж»,43.255281980734,76.938805038547,False
190,УО «Лингвистический колледж»,43.2790761004,76.959837770715,False
191,УО «Алматинский колледж экономики и современных технологий»,43.266626006582,76.931833977314,False
192,Учреждение «Международный колледж бизнеса и коммуникаций»,43.252614020953,76.932129020305,False
193,НЧУ «Алматинский технологическо-финансовый и инновационно-технический колледж»,43.205862496508,76.85611403718,False
194,ТОО «Высший медицинский колледж «Интердент»,43.236144419404,76.828562392308,False
195,ТОО «Медицинский Колледж «Авимед»,43.237160012702,76.858970009191,False
196,ТОО «Инновационный колледж города Алматы»,45.03972,75.07554,False
197,ЮКА «Юридический колледж г.Алматы»,43.1991300188,76.842069996913,False
198,Учреждение «Алматинский технико-экономический колледж связи»,43.218229987295,76.872309975732,False
199,Учреждение «Экономический колледж университета Нархоз»,43.178013015046,76.921947831839,False
200,ТОО «Многопрофильный колледж «АдилМед»»,43.228971982947,76.861895963951,False
201,ЧУ «Международный казахско-китайский языковой колледж»,43.241900020857,76.946499960938,False
202,ТОО «Алматинский колледж строительства и менеджмента»,43.251591009671,76.913682965987,False
203,УО Гуманитарный колледж «КазНур»,43.19644898325,76.88542002667,False
204,УО «Алматинский колледж менеджмента и сервиса»,43.235226014273,76.893735964267,False
205,Учреждение «Алматинский медицинский колледж «ДИМЕД»,43.267018415687,76.934569814383,False
206,ТОО «Колледж «Международной Академии Бизнеса»,43.202190000192,76.871549988571,False
207,ТОО «Алматинский колледж связи-Школа при КАУ»,43.204999111223,76.87493401434,False
208,ТОО «Колледж–Школа КазГАСА»,43.317853013667,76.937499976222,False
209,УО «Колледж «Аяжан»,43.241005210784,76.957497101723,False
210,УО «Центральноазиатский технико-экономический колледж»,43.267495712856,76.93284449956,False
211,Учреждение «Евразийский аграрный колледж»,43.241005210784,76.957497101723,False
212,УО «Алматинский колледж железнодорожного транспорта»,43.252305986012,76.855998959791,False
213,Учреждение «Алматинский автомобильно-дорожный колледж»,43.267033995719,76.954959983451,False
214,ТОО «Организация образования колледж «Перспектива»,43.239761001076,76.913132023491,False
215,ТОО «Инновационный технический колледж г.Алматы»,43.256899981413,76.959240034669,False
216,ТОО «Республиканский высший медицинский колледж»,43.269499993543,76.95264004029,False
217,ЧУ «Колледж медресе Абу Ханифа»,43.255281980734,76.938805038547,False
218,ТОО «Алматинский Экономическо Правовой и Педагогический колледж»,43.268540014172,76.863409987122,False
219,ТОО «Медико-фармацевтический колледж № 1»,43.218542413872,76.972080641024,False
220,ТОО «Алматинский Национальный Медицинский колледж»,43.275058913638,76.891005894584,False
221,ТОО «Медицинский колледж ТАЛАНТ-К»,43.2518759647,76.927918313148,False
222,ТОО «Алматинский технолого-экономический колледж»,43.202525988781,76.876204962319,False
223,Учреждение «Школа –интернат –колледж имени Сулеймана Демиреля»,43.26202161762,76.959845878631,False
224,УО «Медицинский колледж имени «Мәриям»,43.2515622,76.9089372,False
225,ТОО «Гуманитарно-экономический колледж города Алматы»,49.626807793122,72.863570863993,False
226,Индустиально-технический колледж,42.312032358558,69.564123258806,False
227,"Колледж №4
 ",42.304693395271,69.641112137057,False
228,"Колледж легкой промышленности и сервиса
 ",42.3333103,69.6218093,False
229,"Колледж №6
 ",42.3036571,69.7379529,False
230,Колледж №10,42.313199229921,69.568851330042,False
231,Колледж искусств и дизайна им.а. Кастеева,42.323681826649,69.571839814416,False
232, Музыкальный колледж,42.323487513849,69.59946686849,False
233,Политехнический колледж,49.081370569519,79.299515339345,False
234,Дорожно-транспортный колледж,42.3333103,69.6218093,False
235,Колледж новых технологий имени Манапа Утебаева,42.3333103,69.6218093,False
236,"Государственное коммунальное казенное предприятие «Агротехнический колледж, село Коргалжын» при управлении образования Акмолинской области",50.583066786911,70.030292416937,False
237,"Государственное коммунальное казенное предприятие «Агротехнический колледж, село Каменка, Сандыктауский район» при управлении образования Акмолинской области",52.5,68.75,False
238,"Государственное коммунальное казенное предприятие «Агротехнический колледж, село Красный Яр» при управлении образования Акмолинской области",52.904157681812,69.144426169407,False
239,"Государственное коммунальное казенное предприятие «Агротехнический колледж, поселок Аршалы» при управлении образования Акмолинской области",50.8370121,72.1753096,False
240,"Государственное коммунальное казенное предприятие «Школа-интернат-колледж, село Бозайгыр, Шортандинский район» при управлении образования Акмолинской области",51.66667,71.0,False
241,"Государственное коммунальное казенное предприятие «Агротехнический колледж, село Астраханка» при управлении образования Акмолинской области",51.510506980825,69.804503139949,False
242,"Государственное коммунальное казенное предприятие «Агротехнический колледж, город Есиль» при управлении образования Акмолинской области",52.0,66.5,False
243,"Государственное коммунальное казенное предприятие «Агротехнический колледж, город Ерейментау» при управлении образования Акмолинской области",52.907338194972,69.165780827946,False
244,"Государственное коммунальное казенное предприятие «Агротехнический колледж, село Жанаесиль, Целиноградский район» при управлении образования Акмолинской области",52.954390888547,70.262394189025,False
245,"Государственное коммунальное казенное предприятие «Агротехнический колледж, город Акколь» при управлении образования Акмолинской области",51.980651408425,70.968105593216,False
246,"Государственное коммунальное казенное предприятие «Агротехнический колледж, село Егиндыколь» при управлении образования Акмолинской области",51.056810906649,69.480122313593,False
247,"Государственное коммунальное казенное предприятие «Высший технический колледж, город Кокшетау» при управлении образования Акмолинской области",53.272149215113,69.408597186864,False
248,"Государственное коммунальное казенное предприятие «Высший технический колледж, город Щучинск, Бурабайский район» при управлении образования Акмолинской области",52.937223409739,70.203642579822,False
249,"Государственное коммунальное казенное предприятие «Строительно-технологический колледж, город Кокшетау» при управлении образования Акмолинской области",53.295567498214,69.388726292825,False
250,"Государственное коммунальное казенное предприятие «Аграрно-индустриальный колледж, город Атбасар, Атбасарский район» при управлении образования Акмолинской области",52.641883405224,70.433607218058,False
251,"Государственное коммунальное казенное предприятие «Индустриально-технический колледж, город Степногорск» при управлении образования Акмолинской области",52.3519541,71.8937101,False
252,"Государственное коммунальное казенное предприятие «Горнотехнический колледж, город Степногорск» при управлении образования Акмолинской области",52.3519541,71.8937101,False
253,"Государственное коммунальное казенное предприятие «Высший агротехнический колледж, село Чаглинка» при управлении образования Акмолинской области",52.91667,69.16667,False
254,"Государственное коммунальное казенное предприятие «Высший  колледж лесного хозяйства, экологии и туризма, город Щучинск, Бурабайский район» при управлении образования Акмолинской области",52.9354327,70.2014913,False
255,"Государственное коммунальное казенное предприятие «Сельскохозяйственный колледж, село Катарколь, Бурабайского района» при управлении образования Акмолинской области",52.91667,70.16667,False
256,Государственное коммунальное казенное предприятие «Кокшетауский высший казахский педагогический колледж имени Ж. Мусина» при управлении образования Акмолинской области,53.263366112143,69.416244835321,False
257,"Государственное коммунальное предприятие на праве хозяйственного ведения «Высший педагогический колледж, город Щучинск» при управлении образования Акмолинской области",52.938391805132,70.202117827815,False
258,"Государственное коммунальное казенное предприятие «Высший колледж культуры имени Акана серэ, город Кокшетау» при управлении образования Акмолинской области",53.2714043,69.3724802,False
259,"Государственное коммунальное казенное предприятие «Музыкальный колледж имени Биржан сала, город Кокшетау» при управлении образования Акмолинской области",53.286288396123,69.374371193989,False
260,"ГККП ""Кокшетауский высший медицинский колледж"" при управлении здравоохранения Акмолинской области",53.277143194935,69.363778815308,False
261,Многопрофильный колледж при КГУ им. Ш.Уалиханова,51.78506568654,69.900559970708,False
262,"Учреждение ""Высший Кокшетауский колледж ""Арна""",53.287430146025,69.405333766186,False
263,"Учреждение колледж ""Бурабай"" г. Кокшетау",53.289543654904,69.416297892768,False
264,Учреждение «Высший Многопрофильный колледж гражданской защиты»,52.923374494036,70.154738281926,False
265,"ТОО  ""Кокшетауский юридический колледж""",53.286750197078,69.384497203578,False
266,"Учреждение ""Высший казахский гуманитарно-технический колледж""",53.281696231972,69.420631062196,False
267,"Учреждение ""Кокшетауский гуманитарно-технический колледж""",51.052469386677,69.474782037686,False
268,Учреждение «Колледж Максат»,52.338269288809,71.877403199616,False
269,Наименование колледжа,50.304000498869,57.157815963569,False
270,ГККП «Актюбинский гуманитарный колледж»,50.277553079779,57.218877122374,False
271,"ГККП «Актюбинский колледж транспорта, коммуникаций и новых технологий»",50.313160049413,57.13682214053,False
272,ГККП «Актюбинский Высший сельскохозяйственный колледж»,50.276932433023,57.173646218958,False
273,ГККП «Актюбинский колледж связи и электротехники»,49.076526099386,54.673062625655,False
274,ГККП «Актюбинский музыкальный колледж им. А. Жубанова»,49.077455191443,54.673530922585,False
275,ГКП «Актюбинский Высший  медицинский колледж имени героя Советского Союза Маншук Маметовой»  на ПХВ,50.28898339732,57.149914259626,False
276,ГККП «Актюбинский Высший политехнический колледж»,49.077895995731,54.661118665087,False
277,ГККП «Уилский аграрный колледж»,50.276932433023,57.173646218958,False
278,КГУ «Актюбинский областной специальный комплекс «школа- интернат- колледж» для детей с нарушением слуха и зрения»,50.320008886196,57.139739635,False
279,ГККП «Актюбинский колледж строительства и бизнеса»,50.314697106515,57.12401107751,False
280,КГУ «Актюбинский многопрофильный колледж»,50.305183520683,57.146298138959,False
281,ГККП «Актюбинский колледж сервиса»,50.26105921262,58.439905000124,False
282,ГККП «Хромтауский горно- технический высший колледж»,49.890590198287,57.320111401994,False
283,ГККП «Алгинский индустриально- технический колледж»,50.276932433023,57.173646218958,False
284,ГККП «Актюбинский автомобильно - дорожный колледж»,50.276060095185,57.22166410518,False
285,ГККП «Актюбинский колледж промышленных технологий и управления»,49.462913311768,57.424484201439,False
286,ГККП «Кандыагашский промышленно-экономический колледж»,50.432618711283,60.492112635249,False
287,ГККП «Айтекебийский многопрофильный колледж»,48.834971384534,58.14705982718,False
288,ГККП «Эмбинский колледж сферы услуг»,47.8351962,59.6329217,False
289,ГККП «Шалкарский аграрно-технический колледж»,50.566374682281,58.282468070316,False
290,ГККП «Бадамшинский агротехнический колледж»,50.8491211,56.204895,False
291,КГУ «Жайсанский многопрофильный колледж»,48.695634,55.8838078,False
292,ГККП «Байганинский технический колледж»,50.142759713411,55.658680310314,False
293,ГККП «Кобдинский многопрофильный колледж»,50.294924,57.2030963,False
294,«Областная специализированная школа-интернат-колледж олимпийского резерва имени Есет батыра»,50.151962707821,55.662941837526,False
295,ГКП «Высший колледж АРГУ имени К.Жубанова» на ПХВ,50.269517684481,57.221826378825,False
296,ЧУ «Актюбинский финансово-экономический колледж» (нет контингента),49.075811416412,54.672088732325,False
297,ЧУ «Актюбинский кооперативный колледж» (нет контингента),50.313160049413,57.13682214053,False
298,ЧУ «Многопрофильный колледж «Рауан»,50.306441309073,57.144745894309,False
299,ЧУ «Актюбинский колледж Нефти и Газа»,50.28622281751,57.224701203976,False
300,Негосударственное независимое некоммерческое образовательное учреждение «Экономико-правовой колледж»,48.825900572406,58.138051338787,False
301,ЧУ «Актюбинский гуманитарно-технический колледж»,50.28195408186,57.161053222213,False
302,ТОО «Баишев Высший Медицинский колледж»,50.306852189967,57.162242027541,False
303,"ЖШС ""Школа-Гимназия и Колледж КазГЮУ""",50.292238509419,57.201764125937,False
304,ЧУ «Актюбинский технико-технологический колледж»,50.269517684481,57.221826378825,False
305,ТОО «Актюбинский гуманитарно-технический универсальный мультипрофильный колледж»,50.294118318844,57.202086493933,False
306,ТОО «Актюбинский колледж АО «Казахская академия транспорта и коммуникаций  им. М.Тынышпаева»,50.290656215647,57.19852703493,False
307,ЧУ «Актюбинский строительно –монтажный колледж»,50.289936587349,57.225578034867,False
308,ЧУ «Многопрофильный колледж «Болашак»,50.301242182172,57.14936507733,False
309,ЧУ «Актюбинский учетно-финансовый колледж им.С.Раимова»,49.453664300709,57.411597192945,False
310,ЧУ «Мугалжарский гуманитарно-технический колледж»,50.271104420662,57.224458883155,False
311,ТОО «Актюбинский многопрофильный колледж АГУ Тарлан»,50.262425483792,57.231618034296,False
312,ЧУ «Колледж медресе Актобе»,50.26057527482,57.233350579621,False
313,ГККП Алматинский экономический колледж,43.3555112,77.460614,False
314,ГККП Есикский гуманитарно-экономический колледж,43.2232001,76.5939011,False
315,"ГККП Ушконырский
колледж водного хозяйства",43.20011419454,76.623903739245,False
316,ГККП Каскеленский колледж культуры,44.180970985527,80.011151162913,False
317,ГККП Жаркентский гуманитарно-технический колледж,43.557208035059,79.453039220757,False
318,ГККП Талдыкорганский юридический колледж,45.011991707973,78.347551138104,False
319,ГККП Талдыкорганский политехнический колледж,45.007920919456,78.353000161402,False
320,ГККП Талдыкорганский агро-технический колледж,45.010291992226,78.353625032284,False
321,ГККП Талдыкорганский музыкальный колледж,43.206621302854,76.318936895728,False
322,ГККП Коксуский сельскохозяйственный колледж,43.33835929843,77.258618838614,False
323,ГККПТалгарский колледж агробизнеса и менеджмента им.М.Бейсебаева,44.310432600434,76.816747131013,False
324,ГККП Сарканский гуманитарный колледж,43.309183405788,77.23075201737,False
325,ГКППХВ Талгарский медицинский колледж,45.011830197187,78.348371925926,False
326,ГКППХВ Талдыкорганский медицинский колледж,45.01573591261,78.356257620433,False
327,ГККП колледж сервис и технологий,43.198319991677,76.637720035686,False
328,ГККП Многопрофильный колледж  профессионального  обучения Карасайский район,43.256853895731,76.311956116835,False
329,ГККП колледж промышленной индустрии и новых технологий,43.303215654902,77.217937628696,False
330,ГККП Талгарский политехнический колледж,46.16426057935,80.952838706296,False
331,ГККП Алакольский гуманитарно-технический колледж,43.22659718023,76.299052590644,False
332,ГККП Узынагашский профессинальный колледж им. Жамбыла,43.5970521,78.2516696,False
333,ГККП Шелекский политехнический колледж,42.9137602,79.6078548,False
334,ГККП Сарыжазский профессионально-технический колледж,43.549516144718,79.813320081568,False
335,ГККП Чунджинский политехнический колледж,44.799442703277,76.287515068561,False
336,ГККП Баканасский аграрно- индустриальный колледж,43.202758,76.6317126,False
337,ГККП Каскеленский профессионально-технический колледж Санджара Жандосова,45.1257297,79.0436264,False
338,ГККП Капальский профессионально-технический колледж,43.1830496,76.7408472,False
339,ГККП Алматинский областной колледж инновационных технологий в сфере сервиса и питания,44.310432600434,76.816747131013,False
340,ГККП Сарканский политехнический колледж,43.868144317843,77.07650901614,False
341,ГККП Токжайлауский политехнический колледж,45.2715959,77.9889376,False
342,ГККП Бастобинский сервисно- технический колледж,43.857276426472,77.072969388726,False
343,ГККП Текелийский  профессиональный  колледж,44.154811903906,79.985743770369,False
344,ГККП Жаркентский многопрофильный колледж,45.037571901939,78.364743375389,False
345,ГККП Талдыкорганский гуманитарно - технический колледж,43.882471594391,77.08847537313,False
346,ГККП Капшагайский многопрофильный колледж,45.403224800435,79.510124912257,False
347,ГККП Аксуский политехнический колледж,45.0048393,77.9322927,False
348,ГККП Коксуский политехнический колледж,43.0508392,78.6446872,False
349,ГККП Колсайский профессионально-технический колледж»,43.40668,76.6968249,False
350,ГККП Профессионально-технический колледж» с.Жаугашты,43.7057489,77.0241705,False
351,ГККП  «Профессиональный колледж  с.Заречное,43.7057489,77.0241705,False
352,ГККП Профессионально-технический  колледж при Учреждении ЛА – 155/8,44.1721763,80.0064991,False
353,Учреждение «Медицинский колледж «ДИАНА»,43.358970020599,77.430129990648,False
354,Учреждение «Жетысуский юридический колледж»,43.3963654,77.5938975,False
355,Учреждение «Тургенский  колледж непрерывного образования»,43.3555112,77.460614,False
356,ТОО Есикский медицинский колледж,43.863549192372,77.063429186616,False
357,Учреждение Капшагайский профессиональный колледж,43.304026348964,77.217317247823,False
358,Учреждение «Колледж г. Талгар Университета им. Д.А.Кунаева,43.309183405788,77.23075201737,False
359,Учреждение «Талгарский медицинский колледж»,43.209197492066,76.617638903819,False
360,Учреждение«Каскеленский гуманитарно-технический  колледж»,43.41675,77.0231096,False
361,Негосударстенное учреждение«Колледж экономики и права»,43.41675,77.0231096,False
362,Учреждение «Политехнический колледж «Прогресс»,44.798382098989,76.291780565073,False
363,Учреждение «Гуманитарно-экономический  колледж «Билим»,43.310019999421,77.24430998659,False
364,Учреждение «Жетысуский Социально-Гуманитарный Колледж»,45.007920919456,78.353000161402,False
365,Негосударстенное учреждение«Талдыкорганский гуманитарно-экономический колледж»,43.256853895731,76.311956116835,False
366,Учреждение «Талдыкорганский юридический колледж»,43.196322086001,76.640165681001,False
367,Учреждение образование «Талдыкорганский колледж экономики и транспорта»,43.226966612612,76.322569612564,False
368,Учреждение «Жаркентский финансово-экономический колледж»,43.216314703037,76.284984782133,False
369,Учреждение «Талдыкорганский колледж бизнеса  права и новых технологий»,43.209197492066,76.617638903819,False
370,Учреждение «Медицинский колледж «Жардем»,43.863549192372,77.063429186616,False
371,Учреждение образование «Капшагайский колледж «Байтерек»,43.856248219431,77.076311165968,False
372,Учреждение «Колледж- Сервис»,43.5970521,78.2516696,False
373,ТОО «Шелекский медицинский  колледж»,43.297274047039,77.228790001873,False
374,"ТОО «Талгарский
гуманитарно-
экономический
колледж»",43.211122,76.3192618,False
375,"Учреждение «Медицинский
олледжУзынагаш»",43.366354980211,77.432111221101,False
376,Учреждение «Есикский профессионально - технический колледж»,45.014502808924,78.366013401358,False
377,ТОО «Колледж «Сенім» г.Талдыкорган,43.30819002041,77.231309990041,False
378,Учреждение «Талгарский экономический колледж»,43.200499737935,76.626917176369,False
379,"Учреждение образования колледж ""Аяжан Карасай""",43.3555112,77.460614,False
380,"ТОО Медицинский колледж ""Шапагат"" г.Есик",43.318032122913,77.251335655462,False
381,Многопрофильный колледж непрерывного образования ,43.358660099729,77.462949583988,False
382,Каракемерский профессиональный колледж,43.19829545136,76.635278972903,False
383,Колледж медресе Ушконыр,43.549516144718,79.813320081568,False
384,Медицинский колледж «Дауа»,47.107269990774,51.885819980821,False
385,КГП «Атырауский колледж сервиса»,47.081917415877,51.901078397362,False
386,КГП «Атырауский индустриальный колледж»,46.5969692,49.2474748,False
387,КГП «Курмангазинский аграрно-технический колледж»,47.5180881,52.9793384,False
388,КГП «Макатский технологический колледж нефти и газа»,47.107269990774,51.885819980821,False
389,КГП «Атырауский колледж энергетики и строительства»,47.098491894954,51.892091572397,False
390,КГП «Атырауский колледж транспорта и коммуникации»,48.30036582472,51.413132435279,False
391,КГП «Индерский многопрофильный сельскохозяйственный колледж»,46.9516905,53.99547,False
392,КГП «Жылыойский технологический колледж нефти и газа им.С.Утебаева»,47.5012817,51.7177124,False
393,КГП «Махамбетский многопрофильный сельскохозяйственный колледж»,48.282412708858,53.671767230546,False
394,КГП «Кызылкугинский аграрно-технический колледж»,47.0213247,51.8847645,False
395,ГУ «Колледж при исправительном учреждении УГ-157/9»,47.120399990641,51.950029969192,False
396,ГУ «Колледж при исправительном учреждении УГ-157/11»,47.134003987133,51.94007310641,False
397,КГП «Атырауский аграрно-технический колледж»,47.130869993535,51.940070005106,False
398,КГП «Атырауский политехнический высший колледж им. С.Мукашева»,47.081917415877,51.901078397362,False
399,КГП «Атырауский гуманитарный колледж им.К.Дутбаевой»,47.103857109756,51.878096302048,False
400,Атырауский музыкальный колледж «Академия народной музыки им.Д.Нурпейсовой»,47.094809998337,51.874910011829,False
401,Атырауский медицинский колледж,47.13358258695,51.942916331786,False
402,Атырауский колледж бизнеса и права,47.117758,51.9145003,False
403,Прикаспийский современный высший колледж,47.082435920407,51.878289176094,False
404,Атырауский технико-экономический колледж,47.197998099587,51.950453422941,False
405,Колледж  Атырауского инженерно-гуманитарного института,47.09947741921,51.927085598897,False
406,Атырауский многопрофильный колледж «Болашак»,46.9516905,53.99547,False
407,Кульсаринский гуманитарно-технический колледж,46.9516905,53.99547,False
408,Колледж «Болашак -Жылыой»,46.9516905,53.99547,False
409,Колледж «Мед-Профи» (частный),48.542186111001,51.754688102168,False
410,ГККП «Западно-Казахстанский индустриальный колледж»,51.243019998652,51.418401976776,False
411,ГККП «Уральский технологический колледж «Сервис»,51.22324721479,51.403957610672,False
412,ГККП «Уральский политехнический колледж»,51.245588884338,51.383457738619,False
413,ГККП «Уральский колледж информационных технологий»,51.249400009983,51.415309976514,False
414,ГККП «Колледж сервиса и новых технологий»,49.426265996614,46.848013534606,False
415,ГККП «Шынгырлауский колледж»,49.217218104385,50.304867481023,False
416,ГККП «Жангалинский колледж»,49.431025888809,46.86108919287,False
417,ГККП «Жанибекский колледж имени Ихсанова М.Б.»,51.1522467,51.4835526,False
418,ГККП «Теректинский колледж»,49.430470401156,46.840989583564,False
419,ГККП «Дорожно-транспортный колледж имени А.Иманова»,51.1871394,50.8599068,False
420,ГККП «Колледж Байтерек»,50.186083272281,51.179329935388,False
421,ГККП «Акжаикский аграрно-технический колледж»,51.237544017489,51.43650303196,False
422,ГККП «Аксайский технический колледж»,49.6699236,49.475897,False
423,ГККП «Жалпакталский колледж аграрных и отраслевых технологий»,48.685612198546,47.983359905376,False
424,ГККП «Бокейординский колледж»,50.255711097389,52.584460830588,False
425,ГККП «Сырымский колледж»,51.111401513102,50.278832856055,False
426,ГККП «Таскалинский колледж»,49.694991373447,53.519865345793,False
427,ГККП «Каратобинский колледж»,51.190466870013,51.330873458945,False
428,ГККП «Уральский колледж»,51.201610002295,51.370499986862,False
429,ГККП «Высший педагогический колледж им.Ж.Досмухамедова»,51.210202584607,51.374626984529,False
430,ГККП «Высший аграрно-технический колледж»,51.212417879706,51.36312458262,False
431,ГККП «Музыкальный колледж имени Курмангазы»,51.162347573151,52.990278161864,False
432,ГККП «Бурлинский колледж»,51.169110010922,51.297550020412,False
433,ГКП на ПХВ «Западно-Казахстанский высший медицинский колледж»,51.203815616297,51.373274899727,False
434,Учреждение «Уральский гуманитарно-технический колледж»,51.169110010922,51.297550020412,False
435,ЧУ «Уральский медицинский колледж «МАКСАТ»,51.164250718182,53.011518488183,False
436,"НУО «Международный Колледж Цифровых Технологий, Архитектуры и Права»",51.215320616595,51.364549841436,False
437,НОУ «Высший инженерно- технологический колледж»,49.221820266427,50.307310503664,False
438,НУ «Уральский гуманитарный колледж»,51.201100005396,51.372989998838,False
439,НУО «Республиканский высший технический колледж»,49.212891994609,50.30362117584,False
440,ЧУ «Западно-Казахстанский академический колледж «АТиСО» ,51.2467507,51.4433861,False
441,ЧУ «Евразийский индустриально-экономический  колледж»,51.185935298533,51.323243235854,False
442,ЧУ «Уральский многопрофильный колледж  «Болашақ»,51.1739477,53.010385,False
443,НОУ «Западно-Казахстанский инженерно- экономический колледж»,42.901232988993,71.35902699612,False
444,ГККП «Жамбылский политехнический высший колледж»,43.588216721746,73.767092832288,False
445,ГККП  «Жамбылский гум.  колледж имени Абая,42.8859799,71.3656452,False
446,ГККП «Казахско – турецкий учетно-экономический колледж,42.903802880114,71.364172570827,False
447,ГККП «Жамбылский медицинский колледж»,42.911017676599,72.685778747696,False
448,Куланский агротехнический высший колледж,43.04243859511,74.706317230457,False
449,ГККП Кордайский сельскохозяйственный колледж,43.5624124,69.7328738,False
450,ГККП Жанатасский многоотраслевой колледж,43.176031589124,70.466544577138,False
451,"ГККП ""Каратауский строительно- технический колледж""",42.902712017718,71.328762961239,False
452,Таразский колледж сервиса и технологий,43.000083581079,71.508229566509,False
453,ГККП «Байзакский колледж № 3»,43.2106454,74.4644958,False
454,ГККП «Беткайнарский колледж № 7»,44.928371676288,72.695627890071,False
455,ГККП «Мойынкумский колледж № 8»,42.8702311,73.2328514,False
456,КГКП «Меркенский колледж № 9»,43.6019576,73.7621641,False
457,"ГККП «Шуский колледж
№ 10»",43.7275052,69.9409889,False
458,ГККП «Сарысуский колледж № 11»,42.900419986295,71.44109001916,False
459,ГККП «Жамбылский индустриально - технологиякий колледж»,42.871709998172,71.392010036573,False
460,ГККП Таразский колледж железнодорожного транспорта и коммуникаций,42.920040827212,71.313623799235,False
461,КГКП «Колледж №15 при исправительном учрежденииә управления образования Жамбылской области,42.615413108196,70.774931726407,False
462,ГККП «Жуалынский колледж № 16»,43.580049937713,73.769204030067,False
463,ГККП «Жамбылский  колледж № 17»,44.317543394164,72.195130226507,False
464, ,42.879810017943,71.337160035659,False
465,"Учреждение  Современный
гуманитарно-технический
колледж»",42.892855154528,71.365542087488,False
466,Учреждение «Таразский политехнический колледж»,42.906130820502,71.349636286788,False
467,Учреждение «Колледж модельного искусства и бизнеса «Аспара»,42.904880278593,71.343224766564,False
468,Учреждение Таразский гуманитарно-технический колледж,42.898169990116,71.342450022391,False
469,Учреждение Колледж Тараз-Ғасыр,43.021088211341,71.512700976577,False
470,"Колледж информатики, связи и технологии",42.906270574559,71.366667426027,False
471,Учреждение«Колледж профессионального образования «ALEM»(УчреждениеТаразский колледж техники и бизнеса),43.176302503716,70.462534050484,False
472,"Учреждение «Каратауский колледж технологий,,образования и бизнеса»",42.849527794332,71.361055165232,False
473,Учреждение «Колледж «Болашак»,42.907539993947,71.365409983027,False
474,Учреждение Таразский колледж «Парасат»,42.851146717021,71.364551676141,False
475,Учреждение «Білім» профессиональный гуманитарно-технический колледж,42.607483503822,70.747747622494,False
476,Учреждение «Таразский специализированный колледж»,42.868145593846,73.189723833087,False
477,Учреждение Меркенский колледж экономики и строительства  им.Аскарова,43.046306298602,74.711461958807,False
478,Учреждение Гуманитарно-экономический колледж «Кордай»,42.86648488737,73.216380296841,False
479,Учреждение Шуский железнодорожный колледж,43.660511418088,73.766880228076,False
480,Учреждение Шуский гуманитарный колледж,43.6019576,73.7621641,False
481,Учреждение Гуманитарно-технический колледж «Алмас»,43.027073979856,74.708852085615,False
482,Учреждение  Гуманитарно-технический колледж «Береке»,42.902175785462,71.359743229747,False
483,Многоотраслевой колледж «Астана»,42.908752017146,71.345627015152,False
484,Таразский инновационный многопрофильный колледж,43.037919617741,71.155405925194,False
485,"Һибатулла Тарази
 медресе-колледжі",44.317543394164,72.195130226507,False
486,Карагандинская область,49.816381814804,73.077810338269,False
487,КГКП «Карагандинский политехнический колледж»,49.814337964348,73.089185466448,False
488,КГКП «Карагандинский гуманитарный колледж»,49.799032281059,73.086747793987,False
489,КГКП «Карагандинский колледж искусств имени  Таттимбета»,50.06418720822,72.988566287322,False
490,КГКП «Темиртауский политехнический колледж»,49.802343384271,72.829191103964,False
491,"КГКП «Саранский гуманитарно-технический колледж»
им. Абая Кунанбаева»",49.703811198194,72.58727381494,False
492,КГКП «Шахтинский технологический колледж»,49.6397095,72.7438965,False
493,КГКП «Абайсктй многопрофильный колледж»,49.414505012992,75.493105862054,False
494,КГКП «Каркаралинсий сельскохозяйственный колледж имени М. Адекенова»,47.786894607258,67.698667481401,False
495,КГКП «Жезказганский политехнический колледж»,49.785508316733,76.397954434181,False
496,КГКП «Жезказганский гуманитарный колледж»,47.786567880673,67.699528470495,False
497,КГКП «Жезказганский музыкальный колледж»,46.843611610515,74.979705072464,False
498,КГКП «Балхашский гуманитарно-технический колледж»,49.727533734201,69.694456385141,False
499,КГКП «Нуринский многопрофильный колледж»,49.812837694684,73.072662676253,False
500,КГП «Медицинский колледж г. Караганды»,47.791698317878,67.720156669486,False
501,КГКП «Медицинский колледж г. Жезказган»,46.832884786107,74.994503825435,False
502,КГКП «Медицинский колледж г. Балхаш»,49.879217715878,73.196601268461,False
503,КГУ «Карагандинский горно-индустриальный  колледж»,49.903032652382,73.098923080237,False
504,КГУ «Карагандинский агротехнический колледж»,49.880045386907,73.194366736894,False
505,КГУ «Карагандинский индустриально-технологический колледж»,49.799811881874,73.096546909351,False
506,КГУ «Карагандинский профессионально-технический колледж»,49.793568579384,73.05369241771,False
507,КГУ «Карагандинский колледж питания и сервиса»,49.79536431832,73.090195186944,False
508,КГУ «Карагандинский машиностроительный колледж»,49.777251495636,73.095457461196,False
509,КГУ «Карагандинский колледж технологии и сервиса»,49.960932779149,73.19689851305,False
510,КГУ «Карагандинский железнодорожный колледж»,49.8383231,73.1156017,False
511,КГУ «Карагандинский технико-строительный колледж»,49.769285996337,73.146613777218,False
512,КГУ «Карагандинский транспортно-технологический колледж»,50.087594217662,72.909647064707,False
513,КГУ «Темиртауский колледж торговли и питания»,50.046248,72.980985,False
514,КГУ «Темиртауский технический колледж»,50.0590783,73.0317327,False
515,КГУ «Темиртауский профессионально-технический колледж»,50.053669800203,72.997255457758,False
516,КГУ «Темиртауский индустриально-технологический колледж»,49.79964182451,72.852842985625,False
517,КГУ «Саранский технический колледж»,49.707238706624,72.596618939469,False
518,КГУ «Шахтинский горно-индустриальный  колледж»,46.832924683966,74.966364938284,False
519,КГУ «Балхашский колледж сервиса»,46.83926734972,74.983059197573,False
520,КГУ «Балхашский технический колледж имени «Халық   қаһарманы Республики Казахстан» РакымжанаКошкарбаева»,50.063214495768,73.708406169249,False
521,«Сатпаевский индустриальный колледж»,49.635384590195,72.848890504264,False
522,«Каражальский горно-технический колледж»,48.761117010732,73.665408740596,False
523,«Шетский агротехнический колледж»,48.692468956649,71.636329129156,False
524,«Аграрный колледж имени ГалымаЖарылгапова»,50.059974798961,73.709314239076,False
525,«Карсакпайский агротехнический колледж»,46.805387617464,75.022367702342,False
526,«Актогайский аграрно-технический колледж»,49.784951019001,76.377338476655,False
527, «Егиндыбулакский агротехнический колледж»,50.104357102003,72.904121881772,False
528, «Бухар-Жырауский агротехнический колледж»,49.523184541182,72.841169743292,False
529,ЧУ «Медицинский колледж «Денсаулык»,49.819662217996,73.103605726344,False
530,ЧУ «Карагандинский коммерческий колледж»,49.781633713181,73.070562171317,False
531,ЧУ «Карагандинский колледж моды»,49.778776909122,73.178270716769,False
532,ЧУ «Колледж «Сервис»,49.769593696003,73.143856885444,False
533,ЧУ «Карагандинский банковский колледж»,49.816007185642,73.079524940382,False
534,ЧУ «Многопрофильный гуманитарно-технический колледж»,49.798330799583,73.092598278584,False
535,ТОО «Карагандинский юридический колледж «Фемида»,49.775440408744,73.147981117083,False
536,ЧУ «Карагандинский колледж актуального образования «Болашак»,49.779753987575,73.06254136053,False
537,"ЧУ «Колледж экономики, бизнеса  и права Карагандинского экономического университета Казпотребсоюза»",49.791550300918,73.083063528446,False
538,ЧУ «Современный многопрофильный колледж»,50.059843580266,72.938828241517,False
539,ЧУ «Темиртауский медицинский колледж»,47.801729989146,67.696574687816,False
540,ЧУ «Жезказганский индустриально-гуманитарный колледж»,49.780562589774,73.112599930313,False
541,ЧУ «Казахский естественно – гуманитарный колледж»,49.778594015994,73.064704813559,False
542,«Карагандинский колледж экономики и статистики»,49.799458291288,73.097855408256,False
543,«Колледж им. Д. Кунаева»,49.817258959049,73.101228027743,False
544,"ЧУ «Колледж
иностранных языков»",49.806701596736,73.08253513327,False
545,ЧУ «Балхашский колледж актуального образования академика Ж.С. Акылбаева»,49.812735353807,73.110994339297,False
546,ЧУ «Бизнес - колледж Международный Бизнес-Академии»,49.772669100097,73.133659126765,False
547,ЧУ «Карагандинский колледж»,46.840664617177,74.981212138655,False
548,ЧУ «Балхашский  многопрофильный колледж»,49.635384590195,72.848890504264,False
549,ЧУ «Технологический колледж корпорации «Казахмыс»,50.055327997569,72.995785788165,False
550,"ЧУ «Темиртауский технологический колледж»,",49.818517900919,73.086078079923,False
551,ТОО «Карагандинский медико-технический колледж»,50.060834279312,72.985387869638,False
552,"ЧУ «Темиртауский многопрофильный колледж ""Мирас""",50.240138485208,73.068250777697,False
553,ЧУ «Политехнический колледж корпорации «Казахмыс»,47.792697608374,67.686593601334,False
554,ЧУ «Жезказганский колледж Бизнеса и транспорта»,48.67066296687,73.345653992763,False
555,Карагандинский медицинский интерколледж,48.67066296687,73.345653992763,False
556,Колледж инновационных технологий КарГТУ,50.064552701108,72.982225126113,False
557,Технико-экономический колледж при  Карагандинском государственном индустриальном университете,53.190304792109,63.610422873688,False
558,КГКП «Костанайский индустриально-педагогический колледж» Управления образования акимата Костанайской области,53.227510090558,63.636693602259,False
559,КГКП «Костанайский колледж автомобильного транспорта» Управления образования акимата Костанайской области,53.183735391676,63.603361790815,False
560,КГКП «Костанайский колледж бытсервиса» Управления образования акимата Костанайской области,53.221752100262,63.649029668257,False
561,КГКП «Костанайский колледж сферы обслуживания» Управления образования акимата Костанайской области,53.182463605507,63.609773192373,False
562,КГКП «Костанайский педагогический колледж» Управления образования акимата Костанайской области,53.250634218432,63.688931580129,False
563,КГКП «Костанайский политехнический высший колледж» Управления образования акимата Костанайской области,53.191863373189,63.608129241398,False
564,КГКП «Костанайский строительный колледж» Управления образования акимата Костанайской области,50.254072100042,66.92856436918,False
565,КГКП «Аркалыкский политехнический колледж» Управления образования акимата Костанайской области,50.253428914702,66.911965015769,False
566,КГКП «Торгайский гуманитарный колледж им.Н.Кулжановой» Управления образования акимата Костанайской области,52.550495389174,62.484515515382,False
567,КГКП «Лисаковский технический колледж» Управления образования акимата Костанайской области,52.175393360805,61.187560784632,False
568,КГКП «Житикаринский политехнический колледж» Управления образования акимата Костанайской области,52.961573592835,63.116249080336,False
569,КГКП «Рудненский горно-технологический колледж» Управления образования акимата Костанайской области,52.977927925225,63.104859677023,False
570,КГКП «Рудненский колледж строительства и транспорта» Управления образования акимата Костанайской области,52.962608003506,63.13835819398,False
571,КГКП «Рудненский колледж технологии и сервиса» Управления образования акимата Костанайской области,52.964206390532,63.126946316625,False
572,КГКП «Рудненский музыкальный колледж» Управления образования акимата Костанайской области,52.964206390532,63.126946316625,False
573,КГКП «Рудненский политехнический колледж» Управления образования акимата Костанайской области,52.959950311556,63.094810518946,False
574,КГКП «Рудненский социально- гуманитарный колледж им.И.Алтынсарина» Управления образования акимата Костанайской области,53.20249258224,63.702357515554,False
575,КГКП «Костанайский сельскохозяйственный колледж» Управления образования акимата Костанайской области,52.352396693245,64.120142415222,False
576,КГКП «Аулиекольский сельскохозяйственный колледж»,53.7890661,64.1713512,False
577,КГКП «Профессионально-технический колледж имени Камшат Доненбаевой» Управления образования акимата Костанайской области,52.441419000943,61.745757116818,False
578,КГКП «Денисовский профессионально – технический колледж» Управления образования акимата Костанайской области,53.745677207478,62.045342094286,False
579,КГКП «Казахстанский агротехнический колледж» Управления образования акимата Костанайской области,52.668199018886,65.484640312141,False
580,КГКП «Карасуский сельскохозяйственный колледж» Управления образования акимата Костанайской области,53.329249086477,65.524593407998,False
581,КГКП «Сарыкольский колледж агробизнеса и права» Управления образования акимата Костанайской области,53.643710517159,62.71290443964,False
582,КГКП «Федоровский сельскохозяйственный колледж» Управления образования акимата Костанайской области,50.253976881622,66.9120003874,False
583,ГККП «Аркалыкский медицинский колледж» Управление здравоохранения акимата Костанайской области,53.213655600889,63.625655976881,False
584,КГП «Костанайский высший медицинский колледж» Управление здравоохранения акимата Костанайской области,50.265534326799,66.935796519314,False
585,Учреждение «Аркалыкский многопрофильный колледж Казпотребсоюза»,53.2087758,63.6184076,False
586,Учреждение «Колледж «Зерек»,53.212310389249,63.635418128052,False
587,Учреждение «Костанайский гуманитарный колледж»,53.212310389249,63.635418128052,False
588,"Учреждение «Костанайский колледж»
г.Костанай,",53.220246417085,63.626751575445,False
589,Учреждение «Костанайский социально-технический колледж»,53.202511902527,63.597729487157,False
590,Учреждение «Колледж предпринимательства КИнЭУ»,53.217159194507,63.625974740659,False
591,Учреждение «Костанайский высший экономический колледж Казпотребсоюза»,44.839585313964,65.497680877101,False
592,Кызылординский гуманитарный колледж имени М. Маметовой,44.8386622,65.5146179,False
593,Кызылординский аграрно-технический колледж имени И. Абдукаримова,44.831524102405,65.504895013526,False
594,Кызылординский музыкальный колледж имени Казангапа,44.8386622,65.5146179,False
595,Кызылординский медицинский колледж,46.809895965995,61.681010306819,False
596,«Аральский многопрофильный колледж»,45.0778825,64.6763837,False
597,Жалагашский индустриально-аграрный колледж,45.855013838379,62.157052920237,False
598,«Казалинский транспортно-технический колледж»,44.8386622,65.5146179,False
599,«Кызылординский колледж строительства и бизнеса»,45.655591897972,63.303727779213,False
600,«Кызылординский индустриально- технический колледж»,45.7652689,62.1039904,False
601,«Казалинский аграрно-технический колледж»,44.78178689479,65.535489965945,False
602,«Кызылординский политехнический колледж»,45.048724820394,64.976846429043,False
603,«Сырдарьинский аграрно-технический колледж»,44.175748688419,66.708700171185,False
604,«Шиелийский индустриально- аграрный колледж»,45.654058617379,63.314744617471,False
605,«Кармакшинский аграрно-технический колледж»,43.919182482138,67.249950676807,False
606,«Жанакорганский аграрно-технический колледж»,46.800847,61.6459908,False
607,«Аральский индустриально-технический колледж»,44.842611756466,65.491017320788,False
608,Казахский гуманитарно- юридический и технический колледж,44.8386622,65.5146179,False
609,Кызылординский гуманитарно-экономический колледж,44.872616625499,65.509559810504,False
610,Ұлағат-Қызылордаколледжі,47.084191511292,61.157540827558,False
611,Колледж университета «Болашак»,44.836862201261,65.50980052236,False
612,"Медицинский колледж ""Оркениет""",46.801101846892,61.657104664392,False
613,"Колледж "" Жас өркен""",44.829024854092,65.520104498811,False
614,Кызылординский многопрофильный гуманитарно-технический колледж,44.8386622,65.5146179,False
615,Кызылординскийколледж имени Абылайхана,44.869768714937,65.506782115207,False
616,"Кызылординский колледж ""Қызмет""",45.655474111277,63.3039228261,False
617,Байконырский колледжКосмос,45.282659451782,62.237164472791,False
618,Казалинский гуманитарно-индустриальныйколледж,45.8441286,62.1519102,False
619,Казалинский гуманитарно-технический колледж,44.827626391699,65.532370137764,False
620,Кызылординский многопрофильный колледж,44.8386622,65.5146179,False
621,Кызылординский инженерно технический колледж,45.052453228882,64.984257620037,False
622,Болашақ медицина колледжі,44.778764905256,65.521986347238,False
623,Мангистауский высший педагогический  колледж им. М. Жырау Сенгирбекулы,43.640271932535,51.183985287965,False
624,Мангистауский высший политехнический колледж им. Х. Узбекгалиева,43.638505161998,51.1887206894,False
625,Манистауский энергетический колледж имени Н.Бекбосынова,43.329964905665,52.861042512982,False
626,Мангистауский колледж искусств,44.1251221,52.145874,False
627,Мангистауский технический колледж,43.346854692021,52.869727002862,False
628,Мангистауский высший областной медицинский колледж,43.339695708519,52.860276323212,False
629,Мангистауский индустриально-технический колледж им. О.Турмаганбетулы,45.311896714993,55.194776670632,False
630,Бейнеуский гуманитарно-экономический колледж,43.331052583331,52.868374666603,False
631,Мангистауский колледж туризма,43.6662906,51.1356908,False
632,Актауский технологический  колледж сервиса,43.340450528588,52.851391152268,False
633,Жанаозенский колледж сервиса и новых технологий,45.300293,55.1831055,False
634,Бейнеуский политехнический колледж,43.5892944,52.0958862,False
635,Каракиянский профессиональный колледж,43.344391241327,52.836941559373,False
636,"Специализированный технический колледж
 ",44.5402832,50.2498779,False
637,Тупкараганский гуманитарно–профессиональный колледж,43.331095498675,52.864138704196,False
638,Колледж Есенова,43.330690694661,52.86827886145,False
639,Медицинский колледж «Меирбике»,43.331253916645,52.86471143964,False
640,Медицинский колледж в городе Актау,43.639830287378,51.183183393992,False
641,Колледж «Кайнар»,43.329889384718,52.860797174676,False
642,Колледж иностранных языков,43.6356,51.2277,False
643,Прикаспийский колледж «Болашак»,43.330954389335,52.866627961801,False
644,Инновационный колледж педагогики и сервиса имена Асмет Улас,43.331060881415,52.863555910468,False
645,Актауский транспортный колледж Казахской академии транспорта и коммуникаций им.М.Тынышбаева,43.340450528588,52.851391152268,False
646,Жанаозенский политехнический колледж,43.340450528588,52.851391152268,False
647,Высший колледж педагогики и отраслевых технологий «Каспий»,43.6662906,51.1356908,False
648,Мангистауский высший многопрофильный колледж «Келешек»,52.294029981035,76.978580018961,False
649,КГКП «Павлодарский колледж транспорта и коммуникаций»,52.2416921,77.0341264,False
650,КГКП «Павлодарский технологический колледж»,52.279013801496,76.937584465806,False
651,КГКП «Павлодарский педагогический колледж им. Б. Ахметова»,52.297932720882,76.950055228989,False
652,КГКП «Павлодарский машиностроительный колледж»,52.3441745,77.2595555,False
653,КГКП «Красноармейский аграрно-технический колледж»,52.044837592191,76.919293309059,False
654,КГКП «Аксуский колледж имени Жаяу  Мусы»,52.273550016002,76.961410025582,False
655,КГП на ПХВ «Павлодарский медицинский высший колледж»,51.742741606078,75.323707934154,False
656,КГКП «Екибастузский медицинский колледж»,51.72371,75.32287,False
657,КГКП «Экибастузский политехнический колледж»,52.295996501248,76.946136437797,False
658,ГУ «Музыкальный колледж – музыкальная школа- интернат для одарённых детей»,52.290492608347,76.959140206202,False
659,КГКП «Павлодарский бизнес-колледж»,52.298079990921,76.960360024572,False
660,КГКП «Павлодарский химико-механический колледж»,52.265549992335,76.966909978989,False
661,РГП на ПХВ «Павлодарский государственный университет имени            С. Торайгырова»,52.26710001578,77.002700034996,False
662,КГКП «Павлодарский колледж сферы обслуживания»,52.266740013038,77.000270037446,False
663,КГКП «Павлодарский колледж строительства и коммунального хозяйства»,52.297985987877,77.005734032488,False
664,КГКП «Павлодарский колледж технического сервиса»,52.300628174641,77.003308489296,False
665,КГКП «Павлодарский железнодорожный колледж»,52.265847005074,76.98512896755,False
666,КГКП «Павлодарский колледж цветной металлургии»,52.267058692997,77.008047773041,False
667,КГКП «Павлодарский монтажный колледж»,52.300556005119,76.934403030637,False
668,КГКП «Павлодарский колледж сервиса и питания»,51.697600214615,75.348451783863,False
669,КГКП «Экибастузский строительно-технический колледж»,51.697600214615,75.348451783863,False
670,КГКП «Экибастузский колледж горно-технический колледж  им.К.Пшенбаева»,52.038013884815,76.918058487083,False
671,КГКП «Аксуский колледж черной металлургии»,53.077148680145,76.095996627629,False
672,КГКП «Качирский аграрно-технический колледж»,53.535297388926,75.318162886108,False
673,КГКП «Железинский аграрно-технчиеский колледж»,53.334105812634,75.454130096107,False
674,КГКП «Иртышский аграрно-технический колледж»,52.493168116777,78.166055808852,False
675,КГКП «Щербактинский аграрно-технический колледж»,52.919019718151,77.421646582625,False
676,КГКП «Успенский аграрно-технический колледж»,52.384285518147,76.858428789702,False
677,КГКП «Актогайский аграрно-технический колледж»,50.7907436,75.7038173,False
678,КГКП «Баянаульский аграрно-технический колледж»,51.5,78.16667,False
679,КГКП «Лебяжинский аграрно-технический колледж»,51.523602578848,77.474744133634,False
680,КГКП «Майский аграрно-технический колледж»,52.2416921,77.0341264,False
681,КГКП «Павлодарский колледж №1»,52.2416921,77.0341264,False
682,КГКП «Павлодарский колледж № 2»,52.33999,76.95241,False
683,КГКП «Павлодарский колледж № 3»,52.265847005074,76.98512896755,False
684,ТОО «Павлодарский политехнический высший колледж»,52.284274649547,76.980138410227,False
685,УО «Павлодарский экономический колледж Казпотребсоюза»,52.2416921,77.0341264,False
686,ОУ «Павлодарский художественный колледж»,52.2416921,77.0341264,False
687,НОУ «Павлодарский гуманитарно-педагогический колледж»,52.2416921,77.0341264,False
688,"НОУ «Павлодарский
гуманитарный колледж»",52.2416921,77.0341264,False
689,"Учреждение «Павлодарский
технико-экономический колледж»",52.272109259061,76.960898032269,False
690,Учреждение «Павлодарский нефтегазовый колледж»,52.286856999754,76.982750015791,False
691,УОО «Павлодарский инновационный многопрофильного колледжа»,52.300939980103,76.93757197677,False
692,ЧУОО «Павлодарский колледж управления»,52.263230007264,76.959440026879,False
693,ТОО «Колледж ИнЕУ»,52.276889994869,76.98213629284,False
694,Учреждение «Колледж информационных технологий и бизнеса»,52.270205609921,76.962889698175,False
695,ЧУОО «Колледж Кайнар»,51.741209980911,75.322679977549,False
696,ТОО «Екибастузский колледж ИнЕУ»,52.043651239223,76.929632060621,False
697,НУО «Екибастузский колледж инженерно-технического института имени академика Сатпаева»,51.732463800224,75.330422173874,False
698,Учреждение «Екибастузский гуманитарно- технический колледж»,53.959723,76.5707392,False
699,КГУ «Машиностроительный колледж города Петропавловска»,54.1995406,69.6502845,False
700,"КГУ
«Аграрный колледж
Аккайынского района»",54.8855854,69.1500253,False
701,"КГУ
«Колледж сферы обслуживания города Петропавловска им. Искандера Даутова»",53.5360969,71.5458447,False
702,"КГУ
«Ленинградский сельскохозяйственный колледж Акжарского района»",53.2927,68.105,False
703,"КГУ
«Агротехнический колледж
с. Саумалколь Айыртауского района»",54.3009681,68.225396,False
704,"КГУ
«Петровский аграрно-технический колледж»",53.20364530081,66.807093253365,False
705,"КГУ
 «Новоишимский аграрно-технический колледж»",54.6275384,68.7175647,False
706,"КГУ
«Кызылжарский аграрно-технический колледж»",53.748398392344,66.485661504085,False
707,"КГУ
 «Тимирязевский агротехнический колледж»",53.865869382334,69.803139991035,False
708,"КГУ
«Тайыншинский колледж агробизнеса»",53.624004998069,72.338988069603,False
709,"КГУ
«Уалихановский сельскохозяйственный колледж»",54.8855854,69.1500253,False
710,"КГУ
«Петропавловский профессиональный колледж»",54.912594795256,70.430806493811,False
711,"КГУ
«Колледж профессиональной подготовки и сервиса»",54.877300017922,69.135310011513,False
712,"КГКП
«Высший  колледж
им. Магжана
Жумабаева»",53.630247420459,71.856896286764,False
713,"КГКП
«Северо-Казахстанский профессионально-педагогический колледж»",54.8855854,69.1500253,False
714,"КГКП
«Петропавловский
строительно-экономический колледж»",54.8855854,69.1500253,False
715,"КГКП
«Петропавловский колледж железнодорожного транспорта имени Б.Ашимова»  КГУ»Управление образования акимата Северо-Казахстанской области»",53.882483311137,67.421563359126,False
716,КГКП «Высший сельскохозяйственный колледж имени Жалела Кизатова»,54.860070010116,69.154250011386,False
717,"КГУ
«Комплекс «Колледж искусств- специализированная школа-интернат для одар`нных детей музыкально-эстетического профиля»",54.902291336674,69.149306481715,False
718,"КГП на ПВХ
«Северо- Казахстанский высший
 медицинский колледж»",54.874209987407,69.121020040066,False
719,Негосударстенное учреждение образования «Гуманитарно-технический колледж»,54.866260003702,69.147919998107,False
720,Негосударственное учреждение образования «Колледж Северо-Казахстанского университета»,54.869909987259,69.155230023505,False
721,"Частное учреждение ""Северо-Казахстанский колледж профессиональной подготовки и сервиса»",54.8855854,69.1500253,False
722,"КГУ ""Северо-Казахстанская областная специализированная школа-интернат-колледж олимпийского резерва""",54.7728115,69.101633,False
723,ТОО «Колледж инновационного профессионального развития»,53.855303488025,69.267794559948,False
724, ,49.960396992956,82.597084968629,False
725,КГКП «Усть-Каменогорский политехнический колледж»,49.9609419843,82.586555035127,False
726,КГКП «Усть-Каменогорский медицинский колледж»,49.96376580557,82.605053811616,False
727,КГКП «Восточно-Казахстанское училище искусств имени народных артистов братьев Абдуллиных»,49.961680010875,82.594217016638,False
728,КГКП «Восточно-Казахстанский гуманитарный колледж»,49.969552587704,82.620354640586,False
729,КГУ «Усть-Каменогоский многопрофильный технологический колледж»,49.966571982934,82.614925011347,False
730,КГУ «Усть-Каменогорский колледж строительства»,49.968749014646,82.615604029324,False
731,КГУ «Усть-Каменогорский колледж сферы обслуживания»,49.9546269,82.6262926,False
732,КГУ «Восточно Казахстанская областная специализированная школа интернат колледж олимпийского резерва для одаренных детей в спорте» Управления физической культуры и спорта ВКО,49.960252991859,82.595928014534,False
733,НУ «Восточный техническо-гуманитарный колледж»,49.982500993639,82.573915963328,False
734,НУ «Колледж транспорта и безопасности жизнедеятельности»,49.972261306413,82.596573904104,False
735,ТОО «Усть-Каменогорский колледж экономики и финансов»,49.974648994382,82.607503003724,False
736,ТОО «Восточно-Казахстанский технико-экономический колледж»,49.975902885187,82.582217819329,False
737,НУ «Казахстанско-Корейский колледж «Квансон»,49.9890747,82.5706787,False
738,НУ «Колледж имени Кумаша Нургалиева»,49.979311008928,82.600911977981,False
739,ТОО «Колледж «Казахстанский Американский свободный университет»,49.982500993639,82.573915963328,False
740,НУ «Усть-Каменогорский колледж профессиональной подготовки и сервиса»,54.07115,70.37848,False
741,НУ «Техническо-экономический колледж»,49.981975993133,82.577286997147,False
742,НУ «Усть-Каменогорский стоматологический колледж»,49.953500907846,82.590259417235,False
743,НУ «Восточно-Казахстанский колледж менеджмента и технологий»,49.973754519584,82.60660127858,False
744,НУ «Усть-Каменогорский многопрофильный колледж»,50.328144696694,83.453835669651,False
745,КГКП «Риддерский колледж»,49.716149214523,84.261553326743,False
746,КГКП «Восточно-Казахстанский сельскохозяйственный колледж»,50.3501,83.5156,False
747,«Республиканский специализированный колледж олимпийского резерва» в городе Риддере,50.627068383911,81.93668487572,False
748,Учреждение «Гуманитарно-технический колледж»,49.708721381476,84.247780015808,False
749,Учреждение «Алтайский высший колледж»,49.724461964178,84.279791549129,False
750,Учреждение «Аграрно-технический колледж»,49.724461964178,84.279791549129,False
751,Учреждение «Медицинский колледж «Гиппократ»,50.2775269,82.2158813,False
752,КГУ «Глубоковский технический колледж»,50.1280206815,82.548152926633,False
753,КГУ «Глубоковский аграрный колледж»,50.118863556882,82.551324414482,False
754,КГУ «Шемонаихинский колледж»,49.682408911028,83.269381329077,False
755,КГУ «Серебрянский технологический колледж»,49.708940741847,84.249328983861,False
756,КГУ «Технологический колледж г.Алтай»,49.83333,84.5,False
757,КГУ «Сельскохозяйственный колледж района Алтай»,47.477492702882,84.892100768579,False
758,КГУ «Зайсанский технологический колледж»,48.569767850266,83.603012685029,False
759,КГУ «Школа-интернат-колледж села Маркаколь»,49.021336002751,83.357385025992,False
760,КГУ «Самарский аграрно-технический колледж»,49.288216146385,85.643046525877,False
761,КГУ «Катон-Карагайский аграрно-технический колледж»,49.991169203793,82.654181776167,False
762,Высший колледж ВКГУ имени С.Аманжолова,49.956665998305,82.586829039541,False
763,Высший технический колледж ВКГТУ им.Д.Серикбаева,50.5747175,81.8632564,False
764,КГУ «Шемонаихинский колледж №1»,50.1628329,82.7206441,False
765,КГУ «УстьКаменогорский колледж № 1»,49.033583576439,84.158784079329,False
766,Государственное коммунальное казенное предприятие  «Колледж №1» управления развития человеческого потенциала Туркестанской области»,44.86048378127,68.571810632927,False
767,Государственное коммунальное казенное предприятие  «Туркестанский индустриально-строительный колледж» управления развития человеческого потенциала Туркестанской области»,43.50241344818,68.486084504279,False
768,Государственное коммунальное казенное предприятие  «Колледж №7» управления развития человеческого потенциала Туркестанской области»,43.5137715,68.5103285,False
769,Государственное коммунальное казенное предприятие  «Колледж №8» управления развития человеческого потенциала Туркестанской области»,42.139460842838,70.208020210264,False
770,Государственное коммунальное казенное предприятие  «Туркестанский многопрофильно-технический колледж» управления развития человеческого потенциала Туркестанской области»,42.139460842838,70.208020210264,False
771,Государственное коммунальное казенное предприятие  «Колледж №11» управления развития человеческого потенциала Туркестанской области»,41.893,69.452,False
772,Государственное коммунальное казенное предприятие  «Колледж №12» управления развития человеческого потенциала Туркестанской области»,41.4976,69.3441,False
773,Государственное коммунальное казенное предприятие  «Колледж №13» управления развития человеческого потенциала Туркестанской области»,41.366875509945,68.512849377829,False
774,Государственное коммунальное казенное предприятие  «Колледж №14» управления развития человеческого потенциала Туркестанской области»,40.734086591634,68.479025137559,False
775,Государственное коммунальное казенное предприятие  «Колледж №15» управления развития человеческого потенциала Туркестанской области»,40.896794185964,68.255856272696,False
776,Государственное коммунальное казенное предприятие  «Колледж №16» управления развития человеческого потенциала Туркестанской области»,41.2569993,67.9712788,False
777,Государственное коммунальное казенное предприятие  «Колледж №17» управления развития человеческого потенциала Туркестанской области»,42.4302991,68.8083365,False
778,Государственное коммунальное казенное предприятие  «Колледж №18» управления развития человеческого потенциала Туркестанской области»,42.567415382275,69.127399952777,False
779,Государственное коммунальное казенное предприятие  «Колледж №19» управления развития человеческого потенциала Туркестанской области»,43.0,69.5,False
780,Государственное коммунальное казенное предприятие  «Колледж №20 имени Д.Курманбека» управления развития человеческого потенциала Туркестанской области»,42.54584004227,67.434864729743,False
781,Государственное коммунальное казенное предприятие  «Многопрофильный индустриально-технический колледж» управления развития человеческого потенциала Туркестанской области»,43.2988159,68.2650852,False
782,Государственное коммунальное казенное предприятие  «Многопрофильный колледж профессионального обучения» управления развития человеческого потенциала Туркестанской области»,43.5137715,68.5103285,False
783,Государственное коммунальное казенное предприятие  «Аграрно-технический колледж имени Д.Конаева» управления развития человеческого потенциала Туркестанской области»,42.13829,70.48064,False
784,Коммунальное государственное учреждение «Медико-социальное учреждение» «Специальный колледж» управления координации занятости и социальных программ Туркестанской области»,43.5137715,68.5103285,False
785,Государственное  коммунальное казенное предприятие «Жетысайский гуманитарный колледж имени Г.Муратбаева» управления развития человеческого потенциала Туркестанской области»,40.896794185964,68.255856272696,False
786,Государственное  коммунальное казенное предприятие  «Махтаральский аграрный колледж» управления развития человеческого потенциала Туркестанской области»,40.734086591634,68.479025137559,False
787,Государственное коммунальное казенное предприятие «Тюлькубасский колледж агробизнеса и туризма» управления развития человеческого потенциала Туркестанской области»,42.537147308153,70.253241641404,False
788,Государственное коммунальное казенное предприятие «Кентауский многопрофильный колледж» управления развития человеческого потенциала Туркестанской области»,43.5137715,68.5103285,False
789,"Государственное  коммунальное казенное предприятие «Туркестанский высший многопрофильный, ремесленный колледж» управления развития человеческого потенциала Туркестанской области»",43.2988159,68.2650852,False
790,"Государственное  коммунальное казенное предприятие «Туркестанский высший многопрофильный, аграрный колледж» управления развития человеческого потенциала Туркестанской области»",43.50241344818,68.486084504279,False
791,Государственное коммунальное казенное предприятие «Высший Капланбекский аграрно-технический колледж» управления развития человеческого потенциала Туркестанской области»,41.4976,69.3441,False
792,Государственное коммунальное предприятие на праве хозяйственного ведения «Туркестанский высший медицинский колледж» управления общественного здоровья Туркестанской области»,43.2988159,68.2650852,False
793,Государственное коммунальное предприятие на праве хозяйственного ведения «Жетысайский высший медицинский колледж» управления общественного злоровья Туркестанской области»,40.896794185964,68.255856272696,False
